customerID,gender,SeniorCitizen,tenure,PhoneService,InternetService,MonthlyCharges,TotalCharges,Churn
CUST00001,Female,0,61,No,DSL,65.18,3973.89,No
CUST00002,Female,0,11,Yes,DSL,67.09,,No
CUST00003,Female,0,72,No,Fiber optic,81.8,5337.64,Yes
CUST00004,Male,0,53,Yes,Fiber optic,92.08,5117.42,No
CUST00005,Male,0,6,Yes,No,77.51,422.62,No
CUST00006,Male,0,2,No,Fiber optic,81.56,162.18,Yes
CUST00007,Female,0,9,Yes,DSL,77.76,780.39,Yes
CUST00008,Female,0,34,No,Fiber optic,28.71,992.31,No
CUST00009,Female,0,55,No,Fiber optic,38.4,2188.44,No
CUST00010,Female,0,53,No,No,87.72,4758.12,No
CUST00011,Male,1,8,No,No,105.17,781.6,No
CUST00012,Male,0,63,Yes,DSL,29.48,1373.37,No
CUST00013,Male,0,2,Yes,Fiber optic,89.68,186.35,No
CUST00014,Female,0,51,No,DSL,74.85,3430.02,No
CUST00015,Male,0,47,No,Fiber optic,99.3,4642.49,No
CUST00016,Female,0,0,Yes,Fiber optic,92.49,,No
CUST00017,Male,1,41,No,Fiber optic,63.82,2327.8,No
CUST00018,Female,1,47,No,No,97.35,,No
CUST00019,Female,0,0,Yes,No,71.18,,Yes
CUST00020,Female,0,2,Yes,Fiber optic,98.03,177.48,No
CUST00021,Male,0,1,No,No,92.21,89.3,No
CUST00022,Male,0,39,No,Fiber optic,79.16,2882.04,No
CUST00023,Male,0,59,No,Fiber optic,80.87,4642.82,No
CUST00024,Female,1,21,No,Fiber optic,69.03,1258.29,Yes
CUST00025,Male,0,0,No,Fiber optic,87.56,,Yes
CUST00026,Male,1,33,No,No,92.45,2849.09,No
CUST00027,Male,1,16,Yes,Fiber optic,53.46,778.88,No
CUST00028,Female,0,26,Yes,DSL,75.81,1776.59,No
CUST00029,Male,0,38,No,No,28.38,942.73,No
CUST00030,Female,0,4,No,DSL,85.69,377.23,Yes
CUST00031,Male,0,36,Yes,No,56.53,1709.85,No
CUST00032,Male,0,8,Yes,DSL,78.73,568.03,Yes
CUST00033,Female,0,12,Yes,Fiber optic,48.81,612.14,No
CUST00034,Male,0,16,Yes,Fiber optic,40.58,601.3,Yes
CUST00035,Male,0,0,No,DSL,101.21,,Yes
CUST00036,Male,0,41,Yes,DSL,52.09,2390.73,No
CUST00037,Male,1,46,Yes,No,99.22,4613.06,No
CUST00038,Male,0,43,No,No,56.49,2217.43,No
CUST00039,Male,1,5,Yes,DSL,84.6,424.76,Yes
CUST00040,Female,0,69,No,Fiber optic,77.22,5414.47,No
CUST00041,Female,0,8,Yes,No,106.85,785.54,Yes
CUST00042,Male,0,20,Yes,Fiber optic,40.54,947.81,No
CUST00043,Female,0,56,No,Fiber optic,64.06,3483.96,No
CUST00044,Female,0,16,Yes,Fiber optic,78.49,1371.75,No
CUST00045,Female,0,12,No,DSL,98.86,1275.25,No
CUST00046,Female,0,36,No,DSL,71.98,2764.95,No
CUST00047,Female,0,6,Yes,DSL,95.02,611.68,Yes
CUST00048,Female,1,35,Yes,DSL,52.16,1496.39,No
CUST00049,Female,0,38,Yes,DSL,95.57,3285.63,No
CUST00050,Male,1,13,No,Fiber optic,41.82,592.06,No
CUST00051,Female,0,20,No,DSL,25.34,458.57,No
CUST00052,Male,0,16,Yes,DSL,34.58,566.18,No
CUST00053,Female,0,6,Yes,DSL,70.1,368.1,No
CUST00054,Female,0,1,No,No,68.53,62.99,No
CUST00055,Female,0,20,Yes,DSL,89.31,1928.73,No
CUST00056,Female,0,42,Yes,DSL,96.74,,No
CUST00057,Female,0,4,No,Fiber optic,77.22,333.56,Yes
CUST00058,Female,1,18,Yes,No,88.1,1705.86,No
CUST00059,Male,0,3,Yes,Fiber optic,70.78,195.53,No
CUST00060,Male,0,59,No,Fiber optic,55.38,3425.99,No
CUST00061,Female,0,1,Yes,No,72.42,72.98,No
CUST00062,Female,0,57,No,DSL,78.45,4288.85,No
CUST00063,Male,1,0,Yes,Fiber optic,77.46,,Yes
CUST00064,Male,1,72,Yes,Fiber optic,25.0,1169.34,Yes
CUST00065,Male,0,10,Yes,Fiber optic,65.59,649.86,No
CUST00066,Male,0,59,No,No,71.02,3774.37,No
CUST00067,Female,0,8,Yes,DSL,73.03,544.97,No
CUST00068,Male,0,20,Yes,DSL,86.59,1698.41,No
CUST00069,Male,0,71,No,DSL,70.02,5224.93,No
CUST00070,Male,1,8,Yes,No,65.9,448.42,No
CUST00071,Female,0,12,No,DSL,61.53,724.54,No
CUST00072,Male,0,3,No,No,85.94,259.1,No
CUST00073,Male,1,12,No,Fiber optic,37.8,554.03,No
CUST00074,Male,0,29,Yes,DSL,49.37,1305.99,No
CUST00075,Female,0,6,No,DSL,61.57,419.66,No
CUST00076,Female,0,2,No,Fiber optic,75.8,169.97,No
CUST00077,Male,0,41,Yes,DSL,96.96,3741.82,No
CUST00078,Male,1,59,No,Fiber optic,73.08,4508.29,No
CUST00079,Female,0,49,Yes,DSL,89.97,4604.3,No
CUST00080,Female,0,48,Yes,Fiber optic,89.11,4352.93,Yes
CUST00081,Male,0,4,No,Fiber optic,94.28,397.03,No
CUST00082,Female,0,30,Yes,DSL,21.29,390.51,No
CUST00083,Female,0,51,Yes,Fiber optic,74.51,3460.51,Yes
CUST00084,Female,0,51,No,Fiber optic,78.36,4504.88,No
CUST00085,Female,0,45,Yes,DSL,73.36,3348.86,No
CUST00086,Female,1,59,No,DSL,55.74,3502.21,No
CUST00087,Male,0,10,No,Fiber optic,102.84,1108.16,No
CUST00088,Female,0,40,No,Fiber optic,99.93,4094.91,No
CUST00089,Female,0,61,No,Fiber optic,20.86,797.2,No
CUST00090,Female,0,0,No,Fiber optic,64.9,,Yes
CUST00091,Male,0,12,Yes,DSL,94.06,1108.19,No
CUST00092,Male,1,1,No,Fiber optic,66.09,67.37,No
CUST00093,Female,0,10,No,Fiber optic,81.15,818.54,Yes
CUST00094,Male,1,35,No,Fiber optic,74.71,2820.99,Yes
CUST00095,Female,0,5,Yes,DSL,102.49,519.23,No
CUST00096,Female,0,45,Yes,DSL,99.45,4549.41,No
CUST00097,Female,0,34,Yes,DSL,81.43,2897.67,No
CUST00098,Male,0,11,No,Fiber optic,76.4,898.19,Yes
CUST00099,Female,0,72,No,DSL,54.48,4632.8,No
CUST00100,Female,0,0,Yes,DSL,95.15,,No
CUST00101,Male,0,71,Yes,Fiber optic,89.24,,No
CUST00102,Female,0,67,No,DSL,51.21,3941.45,No
CUST00103,Male,1,22,Yes,Fiber optic,84.18,1908.52,No
CUST00104,Female,0,5,Yes,DSL,92.52,464.86,Yes
CUST00105,Male,0,15,Yes,DSL,96.87,1444.55,No
CUST00106,Female,0,9,Yes,DSL,103.13,887.2,Yes
CUST00107,Female,0,50,No,Fiber optic,64.11,2941.87,No
CUST00108,Female,0,46,No,DSL,39.14,1561.44,No
CUST00109,Male,0,1,Yes,No,83.56,,Yes
CUST00110,Male,0,31,Yes,DSL,86.1,2846.37,No
CUST00111,Male,0,40,No,Fiber optic,27.41,1012.71,No
CUST00112,Female,0,10,No,DSL,84.45,814.9,Yes
CUST00113,Male,1,54,Yes,DSL,59.17,,No
CUST00114,Male,1,1,No,Fiber optic,99.3,103.22,Yes
CUST00115,Male,1,44,No,Fiber optic,44.5,1597.39,No
CUST00116,Female,0,6,No,DSL,60.12,400.87,No
CUST00117,Female,0,12,Yes,Fiber optic,28.57,223.95,No
CUST00118,Male,0,21,Yes,DSL,21.79,369.48,No
CUST00119,Male,0,18,No,Fiber optic,60.4,979.34,No
CUST00120,Male,0,3,No,DSL,79.95,258.25,No
CUST00121,Female,0,10,Yes,Fiber optic,64.47,550.61,No
CUST00122,Male,0,69,Yes,DSL,73.44,4413.51,No
CUST00123,Female,0,67,Yes,DSL,76.13,5518.69,No
CUST00124,Female,0,8,No,DSL,69.94,565.14,No
CUST00125,Male,1,0,Yes,DSL,89.03,,Yes
CUST00126,Male,0,14,No,DSL,23.3,336.08,No
CUST00127,Male,0,8,No,Fiber optic,74.0,592.03,Yes
CUST00128,Male,0,12,No,No,33.38,434.72,No
CUST00129,Female,0,71,No,No,20.28,1663.13,No
CUST00130,Female,0,21,Yes,Fiber optic,62.43,1252.76,No
CUST00131,Male,0,2,No,DSL,81.99,168.84,Yes
CUST00132,Male,1,15,No,No,96.94,1600.87,No
CUST00133,Female,1,59,No,DSL,62.95,3887.98,No
CUST00134,Male,0,1,No,Fiber optic,66.74,61.41,No
CUST00135,Male,0,11,No,Fiber optic,94.95,1107.95,Yes
CUST00136,Male,0,8,No,Fiber optic,83.37,706.05,Yes
CUST00137,Female,0,21,Yes,No,32.32,795.57,No
CUST00138,Male,0,5,Yes,DSL,108.05,577.84,No
CUST00139,Female,0,33,Yes,DSL,89.58,3188.46,No
CUST00140,Male,0,10,Yes,Fiber optic,65.61,652.56,Yes
CUST00141,Female,0,10,Yes,DSL,93.31,,No
CUST00142,Female,0,68,No,Fiber optic,69.01,4137.32,No
CUST00143,Male,0,7,Yes,Fiber optic,102.01,778.34,No
CUST00144,Female,0,51,Yes,DSL,96.73,4736.69,No
CUST00145,Male,0,19,Yes,DSL,57.9,1147.58,No
CUST00146,Female,0,8,No,Fiber optic,65.63,590.26,No
CUST00147,Male,1,69,Yes,DSL,92.1,5696.93,Yes
CUST00148,Male,0,25,No,Fiber optic,65.23,1699.93,No
CUST00149,Male,0,1,Yes,No,86.3,77.61,No
CUST00150,Female,0,56,Yes,DSL,29.43,1388.72,No
CUST00151,Female,0,6,Yes,Fiber optic,103.36,607.25,Yes
CUST00152,Male,0,27,No,No,61.33,1719.07,No
CUST00153,Male,0,11,Yes,Fiber optic,69.47,678.5,No
CUST00154,Female,0,36,Yes,Fiber optic,62.73,2397.28,No
CUST00155,Female,0,37,No,Fiber optic,92.65,3316.9,No
CUST00156,Male,0,9,Yes,DSL,87.94,703.68,Yes
CUST00157,Male,0,57,Yes,Fiber optic,33.0,1704.28,Yes
CUST00158,Female,0,57,No,DSL,61.85,3485.77,No
CUST00159,Male,1,11,No,No,64.77,633.54,No
CUST00160,Male,0,9,Yes,No,64.44,637.83,No
CUST00161,Male,0,44,Yes,DSL,70.46,3519.88,No
CUST00162,Female,0,57,Yes,Fiber optic,31.34,2031.52,No
CUST00163,Male,1,54,Yes,DSL,66.05,3962.69,Yes
CUST00164,Male,0,66,No,DSL,91.36,6007.55,No
CUST00165,Male,0,10,No,Fiber optic,70.59,693.66,No
CUST00166,Male,1,36,No,DSL,61.77,1969.46,Yes
CUST00167,Female,1,71,No,No,57.5,4579.82,No
CUST00168,Male,0,27,No,No,60.98,1889.89,No
CUST00169,Female,0,5,Yes,Fiber optic,79.99,409.09,Yes
CUST00170,Male,0,7,Yes,No,79.78,598.99,No
CUST00171,Female,0,4,Yes,Fiber optic,66.96,268.79,Yes
CUST00172,Female,0,12,No,DSL,37.34,472.37,No
CUST00173,Female,0,51,No,Fiber optic,42.66,2585.23,Yes
CUST00174,Female,1,54,No,Fiber optic,29.51,2065.78,No
CUST00175,Male,0,52,Yes,DSL,90.86,5194.04,No
CUST00176,Male,0,9,No,No,63.32,558.81,No
CUST00177,Male,0,16,Yes,Fiber optic,40.08,757.15,Yes
CUST00178,Male,0,71,Yes,No,54.58,4279.64,No
CUST00179,Female,1,21,No,Fiber optic,53.84,1063.93,No
CUST00180,Male,0,54,No,Fiber optic,54.42,3244.76,No
CUST00181,Female,1,3,Yes,Fiber optic,61.27,174.95,No
CUST00182,Female,0,28,No,DSL,89.91,2681.49,No
CUST00183,Male,0,11,Yes,No,79.33,973.4,No
CUST00184,Male,1,69,No,Fiber optic,83.65,5593.63,No
CUST00185,Female,0,50,No,DSL,79.3,,No
CUST00186,Female,1,3,No,Fiber optic,90.34,252.24,No
CUST00187,Male,0,9,No,DSL,64.26,524.58,No
CUST00188,Male,0,4,Yes,DSL,78.05,313.32,Yes
CUST00189,Female,0,68,Yes,Fiber optic,81.45,5879.68,No
CUST00190,Male,0,48,No,No,98.48,4770.98,No
CUST00191,Male,0,2,No,DSL,94.21,176.57,Yes
CUST00192,Female,0,39,Yes,DSL,23.46,970.61,No
CUST00193,Female,0,49,Yes,DSL,75.33,3385.93,No
CUST00194,Male,0,5,Yes,No,61.81,,No
CUST00195,Male,0,45,Yes,DSL,44.25,1626.07,No
CUST00196,Female,1,2,No,DSL,101.68,189.42,No
CUST00197,Male,0,66,Yes,DSL,63.17,4640.57,No
CUST00198,Female,0,33,No,No,88.59,3117.41,No
CUST00199,Female,1,8,Yes,DSL,97.05,842.0,Yes
CUST00200,Male,1,61,No,No,89.53,5526.38,No
CUST00201,Female,0,35,Yes,Fiber optic,44.3,1645.83,Yes
CUST00202,Male,0,2,Yes,Fiber optic,86.31,164.88,No
CUST00203,Male,0,12,Yes,Fiber optic,30.91,405.04,Yes
CUST00204,Male,1,5,Yes,Fiber optic,67.32,,Yes
CUST00205,Male,0,0,Yes,DSL,63.19,,No
CUST00206,Male,0,47,No,DSL,74.12,3743.72,No
CUST00207,Male,0,53,No,Fiber optic,28.21,1835.67,Yes
CUST00208,Male,0,12,No,No,95.86,1268.86,No
CUST00209,Female,0,47,Yes,No,39.88,2200.84,No
CUST00210,Male,0,23,No,Fiber optic,59.03,1284.96,No
CUST00211,Male,0,2,No,No,87.16,163.93,Yes
CUST00212,Male,0,62,No,Fiber optic,29.87,2295.75,No
CUST00213,Male,0,6,No,No,86.12,,Yes
CUST00214,Female,0,22,No,Fiber optic,68.34,1607.0,Yes
CUST00215,Male,1,6,No,Fiber optic,95.62,617.2,Yes
CUST00216,Male,1,6,No,No,91.72,535.8,Yes
CUST00217,Male,0,14,Yes,No,25.09,215.31,No
CUST00218,Male,0,67,Yes,Fiber optic,45.77,3255.94,No
CUST00219,Female,0,27,Yes,DSL,54.43,1330.38,No
CUST00220,Female,0,4,No,Fiber optic,89.54,397.24,No
CUST00221,Female,0,37,No,DSL,29.61,725.83,No
CUST00222,Male,0,32,No,No,55.55,1876.75,No
CUST00223,Male,0,8,No,Fiber optic,107.2,779.29,Yes
CUST00224,Male,0,1,No,Fiber optic,68.31,70.44,No
CUST00225,Male,0,8,Yes,DSL,60.74,488.3,No
CUST00226,Female,0,26,Yes,DSL,70.94,1884.34,No
CUST00227,Female,0,6,Yes,DSL,100.64,637.6,Yes
CUST00228,Male,0,8,Yes,Fiber optic,97.86,742.35,Yes
CUST00229,Female,0,19,Yes,Fiber optic,68.82,1459.19,No
CUST00230,Male,1,64,No,Fiber optic,89.65,5113.83,No
CUST00231,Male,0,40,Yes,No,51.59,1676.07,No
CUST00232,Female,0,9,Yes,DSL,77.75,710.58,No
CUST00233,Female,1,56,Yes,DSL,98.69,5920.89,Yes
CUST00234,Male,1,4,Yes,DSL,64.55,295.72,No
CUST00235,Male,0,17,No,DSL,39.11,756.76,No
CUST00236,Male,0,10,Yes,Fiber optic,99.44,939.55,Yes
CUST00237,Female,0,2,No,DSL,85.49,178.78,No
CUST00238,Male,0,34,Yes,Fiber optic,94.25,3153.93,Yes
CUST00239,Female,0,42,Yes,No,94.81,4304.58,No
CUST00240,Female,0,3,Yes,Fiber optic,108.39,323.25,Yes
CUST00241,Male,0,53,No,DSL,60.03,3102.2,No
CUST00242,Female,1,11,Yes,No,97.96,1085.55,No
CUST00243,Male,0,4,No,Fiber optic,103.88,435.53,Yes
CUST00244,Male,1,32,Yes,DSL,61.16,1837.33,No
CUST00245,Female,1,34,No,Fiber optic,76.9,2489.98,Yes
CUST00246,Male,0,20,No,Fiber optic,57.55,1090.18,No
CUST00247,Male,0,2,No,No,71.22,133.83,No
CUST00248,Female,0,2,Yes,No,81.18,148.96,Yes
CUST00249,Female,0,2,Yes,DSL,85.47,166.11,Yes
CUST00250,Male,0,26,Yes,Fiber optic,36.64,,No
CUST00251,Male,0,1,No,No,89.25,80.65,No
CUST00252,Female,0,52,No,DSL,59.39,,No
CUST00253,Male,0,20,Yes,DSL,62.86,1299.22,No
CUST00254,Male,0,10,No,Fiber optic,95.15,924.93,Yes
CUST00255,Male,0,58,Yes,DSL,20.92,802.35,No
CUST00256,Male,0,35,Yes,Fiber optic,20.87,783.31,No
CUST00257,Female,0,10,Yes,No,86.93,898.75,No
CUST00258,Female,0,3,No,Fiber optic,109.35,305.37,Yes
CUST00259,Female,0,40,No,DSL,28.95,914.95,No
CUST00260,Male,0,72,No,Fiber optic,37.09,2660.76,Yes
CUST00261,Female,0,36,Yes,Fiber optic,29.29,1382.98,No
CUST00262,Male,0,11,Yes,No,88.05,945.94,Yes
CUST00263,Female,0,32,Yes,Fiber optic,48.44,1588.86,No
CUST00264,Female,1,11,Yes,DSL,69.42,779.64,Yes
CUST00265,Male,1,4,No,Fiber optic,82.69,343.62,No
CUST00266,Male,0,4,Yes,DSL,101.99,427.97,Yes
CUST00267,Male,1,44,Yes,DSL,25.6,1539.02,No
CUST00268,Male,1,50,No,DSL,67.04,3630.34,Yes
CUST00269,Male,0,10,Yes,DSL,102.06,999.31,Yes
CUST00270,Female,1,60,Yes,DSL,43.2,,No
CUST00271,Male,1,1,No,DSL,96.28,86.56,No
CUST00272,Female,0,72,No,DSL,43.84,2807.05,No
CUST00273,Male,0,34,Yes,DSL,73.25,2686.31,No
CUST00274,Male,0,49,Yes,No,47.41,2403.9,No
CUST00275,Male,1,24,No,Fiber optic,71.13,1824.72,No
CUST00276,Female,1,15,Yes,DSL,52.2,797.13,No
CUST00277,Male,1,3,No,DSL,105.15,296.49,No
CUST00278,Female,0,53,Yes,Fiber optic,81.96,3997.08,Yes
CUST00279,Male,1,42,No,Fiber optic,83.79,3545.18,No
CUST00280,Male,0,10,No,No,91.07,851.09,Yes
CUST00281,Male,0,19,No,DSL,25.36,,No
CUST00282,Male,0,31,Yes,DSL,50.39,1615.83,No
CUST00283,Male,0,42,No,Fiber optic,35.06,1784.11,No
CUST00284,Male,0,18,No,DSL,80.13,1522.13,No
CUST00285,Male,0,12,No,DSL,54.86,563.64,No
CUST00286,Male,1,10,No,Fiber optic,81.39,717.52,Yes
CUST00287,Male,0,0,No,Fiber optic,89.01,,Yes
CUST00288,Female,0,3,No,Fiber optic,75.98,242.68,Yes
CUST00289,Female,0,6,No,Fiber optic,66.51,356.45,Yes
CUST00290,Female,0,59,No,Fiber optic,87.27,5194.07,No
CUST00291,Male,0,60,No,Fiber optic,31.9,1687.64,Yes
CUST00292,Male,0,21,No,Fiber optic,54.28,1016.2,No
CUST00293,Female,0,54,Yes,No,62.29,3065.61,No
CUST00294,Male,0,2,Yes,Fiber optic,63.42,,No
CUST00295,Male,0,6,Yes,DSL,65.49,,No
CUST00296,Male,0,8,Yes,DSL,107.48,836.84,Yes
CUST00297,Male,0,47,No,DSL,51.36,2856.46,No
CUST00298,Male,0,11,Yes,DSL,97.59,1171.58,No
CUST00299,Female,0,12,Yes,No,26.43,298.1,No
CUST00300,Male,0,0,No,DSL,78.38,,Yes
CUST00301,Female,0,17,No,No,22.27,279.95,No
CUST00302,Male,0,33,No,DSL,95.41,3313.93,No
CUST00303,Male,0,54,No,No,70.5,3349.91,No
CUST00304,Male,0,2,Yes,Fiber optic,61.92,110.44,No
CUST00305,Female,0,0,No,DSL,88.18,,No
CUST00306,Male,0,1,Yes,DSL,86.29,90.09,No
CUST00307,Male,1,68,Yes,Fiber optic,55.5,3964.81,Yes
CUST00308,Female,0,14,Yes,Fiber optic,53.86,863.83,No
CUST00309,Female,1,1,No,DSL,70.06,70.42,No
CUST00310,Male,0,13,Yes,No,46.17,702.21,No
CUST00311,Female,0,55,Yes,Fiber optic,60.01,3376.26,No
CUST00312,Male,0,56,No,No,27.22,1237.41,No
CUST00313,Male,1,7,Yes,DSL,64.06,508.18,No
CUST00314,Female,0,49,No,DSL,63.09,3142.94,No
CUST00315,Female,0,27,Yes,DSL,63.47,1598.67,No
CUST00316,Male,0,4,No,No,82.56,320.51,Yes
CUST00317,Female,0,2,Yes,DSL,60.02,131.71,No
CUST00318,Female,0,1,Yes,DSL,95.43,94.66,No
CUST00319,Male,0,36,Yes,DSL,37.54,1207.31,No
CUST00320,Male,0,2,Yes,DSL,71.12,148.24,No
CUST00321,Female,0,32,No,Fiber optic,64.29,1769.04,No
CUST00322,Female,0,67,Yes,No,56.35,4241.16,No
CUST00323,Male,0,5,No,No,88.26,395.11,Yes
CUST00324,Female,0,60,Yes,DSL,61.35,3857.97,No
CUST00325,Female,0,67,Yes,No,37.14,2794.42,No
CUST00326,Female,0,67,Yes,Fiber optic,42.62,3305.26,Yes
CUST00327,Male,1,4,No,DSL,68.32,309.08,No
CUST00328,Female,0,46,No,DSL,48.66,2329.95,No
CUST00329,Male,0,7,No,DSL,93.93,636.83,Yes
CUST00330,Male,0,17,Yes,No,45.2,724.72,No
CUST00331,Male,0,34,No,No,85.15,2867.23,No
CUST00332,Female,0,28,Yes,DSL,36.78,1305.19,No
CUST00333,Female,1,19,No,Fiber optic,49.01,924.34,No
CUST00334,Female,1,8,Yes,No,64.03,510.07,No
CUST00335,Female,0,33,Yes,No,87.48,2810.06,No
CUST00336,Female,0,1,No,Fiber optic,82.08,74.92,No
CUST00337,Female,0,6,No,DSL,94.89,628.77,Yes
CUST00338,Female,0,3,No,DSL,104.92,306.83,No
CUST00339,Female,0,53,Yes,No,84.78,4936.6,No
CUST00340,Female,0,7,No,Fiber optic,83.84,542.1,Yes
CUST00341,Male,0,2,Yes,DSL,70.84,153.26,Yes
CUST00342,Male,0,36,No,Fiber optic,57.26,2239.02,No
CUST00343,Female,0,9,Yes,No,73.58,733.79,Yes
CUST00344,Female,0,8,Yes,DSL,83.85,705.5,Yes
CUST00345,Male,0,13,Yes,Fiber optic,32.39,480.76,No
CUST00346,Male,0,28,Yes,DSL,87.38,2323.98,No
CUST00347,Male,0,4,Yes,Fiber optic,65.16,287.95,No
CUST00348,Male,0,3,No,Fiber optic,104.76,304.17,Yes
CUST00349,Female,0,4,No,DSL,78.37,341.07,Yes
CUST00350,Male,0,6,Yes,Fiber optic,69.01,427.0,No
CUST00351,Male,0,58,Yes,Fiber optic,65.75,4390.45,No
CUST00352,Male,0,55,No,DSL,50.01,2524.01,No
CUST00353,Male,0,49,Yes,Fiber optic,83.17,,No
CUST00354,Female,0,3,No,Fiber optic,75.16,248.32,Yes
CUST00355,Male,0,41,Yes,Fiber optic,29.75,915.41,No
CUST00356,Male,0,32,No,Fiber optic,81.84,2730.35,No
CUST00357,Female,0,0,No,DSL,108.27,,Yes
CUST00358,Male,0,25,Yes,Fiber optic,86.62,,Yes
CUST00359,Female,0,6,No,DSL,73.65,486.26,No
CUST00360,Male,0,32,No,Fiber optic,48.34,1713.55,Yes
CUST00361,Male,1,43,Yes,DSL,89.16,3711.43,No
CUST00362,Female,0,65,Yes,No,95.45,6400.53,No
CUST00363,Male,1,15,Yes,No,56.56,904.94,No
CUST00364,Female,0,23,Yes,DSL,92.98,2341.97,No
CUST00365,Female,0,0,Yes,Fiber optic,84.52,,Yes
CUST00366,Male,1,31,No,DSL,82.41,2304.4,No
CUST00367,Female,0,64,Yes,Fiber optic,66.99,4503.04,Yes
CUST00368,Male,0,32,Yes,DSL,76.14,2227.16,No
CUST00369,Female,0,62,Yes,Fiber optic,71.85,4180.26,Yes
CUST00370,Male,1,24,Yes,DSL,45.67,903.25,No
CUST00371,Female,0,27,Yes,DSL,79.13,2223.47,No
CUST00372,Male,1,67,Yes,DSL,30.23,1688.2,Yes
CUST00373,Female,0,21,No,No,22.88,614.25,No
CUST00374,Female,1,5,No,DSL,77.0,407.34,Yes
CUST00375,Male,0,67,No,DSL,24.57,1988.0,No
CUST00376,Female,0,9,Yes,DSL,79.17,691.55,Yes
CUST00377,Male,1,21,No,No,50.07,1200.25,Yes
CUST00378,Female,0,71,No,DSL,79.83,5130.62,No
CUST00379,Male,0,0,Yes,Fiber optic,99.87,,Yes
CUST00380,Female,0,8,Yes,DSL,107.86,809.36,Yes
CUST00381,Female,0,67,Yes,Fiber optic,20.51,1687.76,Yes
CUST00382,Female,0,1,Yes,Fiber optic,63.24,54.4,Yes
CUST00383,Female,1,47,No,No,87.44,3997.36,No
CUST00384,Female,1,18,Yes,DSL,23.2,579.43,No
CUST00385,Female,0,19,Yes,No,52.04,842.27,No
CUST00386,Female,1,5,Yes,No,65.96,319.25,No
CUST00387,Male,0,16,Yes,Fiber optic,53.13,798.39,Yes
CUST00388,Female,0,8,Yes,DSL,104.9,874.66,Yes
CUST00389,Female,0,24,Yes,Fiber optic,73.88,1654.51,Yes
CUST00390,Male,0,61,Yes,DSL,80.0,4343.3,No
CUST00391,Male,0,32,No,Fiber optic,66.5,2059.52,Yes
CUST00392,Female,0,36,No,No,75.12,,No
CUST00393,Female,0,3,Yes,Fiber optic,107.14,329.07,Yes
CUST00394,Male,0,69,Yes,DSL,79.07,5697.11,No
CUST00395,Female,0,16,No,DSL,29.51,508.1,No
CUST00396,Female,0,61,Yes,Fiber optic,85.25,4937.88,No
CUST00397,Female,0,27,Yes,Fiber optic,83.03,,Yes
CUST00398,Female,0,53,Yes,DSL,92.63,5059.34,No
CUST00399,Female,0,31,No,No,50.36,1618.03,No
CUST00400,Male,1,33,No,No,70.51,2591.46,Yes
CUST00401,Female,0,11,No,Fiber optic,105.6,1240.45,No
CUST00402,Male,0,19,No,No,78.91,1676.43,No
CUST00403,Male,0,18,No,No,63.78,1182.93,No
CUST00404,Male,0,0,No,No,101.31,,No
CUST00405,Female,0,35,No,Fiber optic,81.6,2654.69,Yes
CUST00406,Male,0,13,No,DSL,82.47,1054.21,No
CUST00407,Female,0,53,Yes,Fiber optic,64.6,3754.33,Yes
CUST00408,Male,0,41,Yes,Fiber optic,96.74,3706.81,Yes
CUST00409,Male,0,17,No,Fiber optic,98.87,1646.38,No
CUST00410,Female,1,3,Yes,No,70.01,218.75,No
CUST00411,Male,1,51,Yes,Fiber optic,25.57,924.63,No
CUST00412,Male,0,7,No,DSL,61.81,487.42,No
CUST00413,Female,0,69,No,DSL,90.71,5765.29,No
CUST00414,Female,0,27,No,Fiber optic,59.47,1511.66,Yes
CUST00415,Female,0,30,No,DSL,75.18,2411.3,No
CUST00416,Female,0,54,No,Fiber optic,49.45,3157.82,No
CUST00417,Female,0,68,Yes,Fiber optic,66.89,4743.89,No
CUST00418,Male,0,68,No,DSL,68.38,4737.57,No
CUST00419,Male,1,21,Yes,Fiber optic,25.55,640.82,No
CUST00420,Male,0,4,Yes,Fiber optic,60.35,231.49,No
CUST00421,Male,0,36,Yes,No,24.22,635.96,No
CUST00422,Male,0,17,No,No,88.51,1513.21,No
CUST00423,Male,0,46,No,DSL,48.88,2649.05,No
CUST00424,Female,0,57,Yes,Fiber optic,29.25,2049.91,No
CUST00425,Male,0,17,Yes,DSL,38.77,706.74,No
CUST00426,Female,0,16,Yes,Fiber optic,48.65,628.44,No
CUST00427,Female,0,56,Yes,Fiber optic,71.95,3997.99,No
CUST00428,Male,0,20,Yes,DSL,92.14,1770.67,No
CUST00429,Female,0,7,No,DSL,84.75,648.57,No
CUST00430,Female,0,4,No,DSL,62.38,239.17,No
CUST00431,Male,0,7,Yes,Fiber optic,72.75,573.84,Yes
CUST00432,Male,0,8,No,No,71.52,541.03,Yes
CUST00433,Male,0,4,Yes,No,71.23,268.33,Yes
CUST00434,Female,0,33,No,Fiber optic,87.95,3049.23,No
CUST00435,Female,0,11,Yes,Fiber optic,99.03,1105.92,No
CUST00436,Female,1,25,Yes,DSL,34.45,726.29,No
CUST00437,Female,0,24,No,DSL,78.0,2074.4,No
CUST00438,Female,0,6,No,No,106.47,690.26,Yes
CUST00439,Male,0,17,Yes,DSL,93.98,1559.89,No
CUST00440,Female,1,5,Yes,Fiber optic,61.77,326.67,No
CUST00441,Female,0,46,No,No,60.51,2329.85,No
CUST00442,Female,0,8,Yes,No,105.8,780.94,Yes
CUST00443,Male,1,3,Yes,Fiber optic,75.1,221.53,No
CUST00444,Male,0,1,Yes,Fiber optic,78.7,87.18,Yes
CUST00445,Female,0,12,Yes,DSL,48.34,529.29,No
CUST00446,Female,0,1,No,DSL,91.15,91.36,Yes
CUST00447,Female,0,4,No,Fiber optic,83.45,336.12,Yes
CUST00448,Female,0,36,No,DSL,83.48,2670.21,No
CUST00449,Female,0,37,Yes,DSL,77.84,2795.49,No
CUST00450,Female,0,8,Yes,Fiber optic,66.81,461.18,No
CUST00451,Male,0,11,No,Fiber optic,102.98,1173.47,No
CUST00452,Male,0,12,No,DSL,69.18,829.42,No
CUST00453,Female,0,1,No,DSL,97.03,97.11,Yes
CUST00454,Male,0,72,Yes,DSL,89.9,6899.66,No
CUST00455,Female,0,18,Yes,DSL,83.79,1376.84,No
CUST00456,Male,0,1,No,DSL,70.65,75.04,Yes
CUST00457,Female,1,39,Yes,DSL,96.18,4035.28,No
CUST00458,Male,1,0,Yes,No,85.57,,No
CUST00459,Male,0,9,No,Fiber optic,83.46,810.27,No
CUST00460,Male,0,27,No,DSL,42.64,972.02,No
CUST00461,Male,0,10,No,DSL,69.62,632.18,No
CUST00462,Female,0,23,Yes,DSL,64.34,1519.59,No
CUST00463,Male,1,24,No,DSL,94.45,2187.91,No
CUST00464,Female,1,33,Yes,Fiber optic,30.12,1128.97,Yes
CUST00465,Male,0,5,No,DSL,69.8,315.24,No
CUST00466,Male,0,1,No,DSL,94.74,100.23,Yes
CUST00467,Male,0,0,No,Fiber optic,87.89,,No
CUST00468,Male,0,4,Yes,Fiber optic,68.95,280.32,No
CUST00469,Female,0,54,Yes,No,75.26,4378.92,No
CUST00470,Male,0,67,No,Fiber optic,95.42,7038.31,No
CUST00471,Female,1,37,No,No,27.2,1163.99,No
CUST00472,Male,0,40,Yes,Fiber optic,29.43,1521.67,No
CUST00473,Male,0,6,Yes,Fiber optic,104.4,621.5,Yes
CUST00474,Female,0,18,Yes,DSL,99.59,1922.28,No
CUST00475,Female,0,49,Yes,DSL,78.24,3704.87,No
CUST00476,Male,0,31,No,No,29.68,886.77,No
CUST00477,Female,1,47,Yes,Fiber optic,86.33,3649.15,No
CUST00478,Female,0,34,Yes,Fiber optic,40.1,1559.31,No
CUST00479,Male,0,20,No,DSL,50.51,,No
CUST00480,Female,1,38,Yes,No,55.75,2376.23,No
CUST00481,Female,0,36,No,Fiber optic,63.83,2218.5,No
CUST00482,Male,0,30,No,Fiber optic,34.36,805.49,No
CUST00483,Male,0,1,No,DSL,96.38,91.68,Yes
CUST00484,Male,0,24,No,DSL,60.14,1231.65,No
CUST00485,Female,0,13,No,DSL,93.49,1283.48,No
CUST00486,Female,0,48,Yes,Fiber optic,35.87,,No
CUST00487,Female,0,35,Yes,No,34.76,1093.09,No
CUST00488,Male,1,52,Yes,DSL,86.78,4777.12,No
CUST00489,Male,0,12,No,DSL,83.1,1084.62,No
CUST00490,Female,0,21,Yes,No,78.11,1715.79,No
CUST00491,Female,0,0,Yes,Fiber optic,67.97,,No
CUST00492,Female,1,65,Yes,DSL,34.84,2684.01,No
CUST00493,Female,0,2,No,DSL,92.65,192.02,Yes
CUST00494,Male,0,56,Yes,DSL,70.84,3849.78,No
CUST00495,Male,0,4,No,DSL,77.24,305.29,Yes
CUST00496,Male,1,6,Yes,Fiber optic,97.14,,No
CUST00497,Male,0,59,No,Fiber optic,44.29,2736.39,No
CUST00498,Male,0,2,Yes,Fiber optic,105.04,203.91,Yes
CUST00499,Male,0,41,Yes,DSL,31.88,1099.27,No
CUST00500,Female,0,13,Yes,No,88.54,1163.41,No
CUST00501,Female,0,11,Yes,No,91.29,1078.51,Yes
CUST00502,Female,0,27,No,DSL,98.21,2701.45,No
CUST00503,Male,1,6,Yes,DSL,61.53,320.49,No
CUST00504,Female,0,23,Yes,Fiber optic,35.01,630.4,No
CUST00505,Male,0,27,No,Fiber optic,35.83,777.35,No
CUST00506,Female,1,45,No,No,70.2,2977.96,No
CUST00507,Female,0,5,No,DSL,85.05,379.64,Yes
CUST00508,Male,0,64,No,DSL,23.98,1559.15,No
CUST00509,Female,0,29,No,DSL,38.38,878.3,No
CUST00510,Female,0,5,Yes,Fiber optic,106.4,,Yes
CUST00511,Male,0,29,No,No,59.19,1428.23,No
CUST00512,Female,1,67,Yes,DSL,68.97,4137.03,No
CUST00513,Female,0,0,No,No,89.14,,No
CUST00514,Male,0,56,No,DSL,39.51,2617.29,No
CUST00515,Female,0,32,Yes,DSL,77.04,2496.34,No
CUST00516,Female,1,0,No,Fiber optic,109.53,,No
CUST00517,Female,0,66,No,Fiber optic,91.21,5366.55,No
CUST00518,Female,1,2,Yes,Fiber optic,97.78,205.46,No
CUST00519,Female,0,5,Yes,DSL,74.09,365.66,Yes
CUST00520,Male,0,45,Yes,DSL,37.96,1507.25,No
CUST00521,Male,0,12,No,DSL,83.01,1025.7,No
CUST00522,Female,0,2,Yes,DSL,74.79,154.23,Yes
CUST00523,Male,0,44,No,No,76.7,3662.43,No
CUST00524,Female,0,58,No,No,73.52,,No
CUST00525,Male,1,8,Yes,Fiber optic,85.91,667.01,No
CUST00526,Male,0,53,No,No,68.42,,No
CUST00527,Male,0,62,No,DSL,37.76,1917.94,No
CUST00528,Male,0,3,Yes,DSL,103.8,288.86,Yes
CUST00529,Male,1,25,No,No,36.67,687.23,No
CUST00530,Male,0,2,Yes,DSL,73.76,149.68,No
CUST00531,Female,0,36,No,Fiber optic,88.53,3043.61,No
CUST00532,Female,0,71,Yes,Fiber optic,59.94,4460.17,No
CUST00533,Male,0,67,Yes,DSL,56.06,4102.75,No
CUST00534,Female,0,29,Yes,DSL,25.86,522.79,No
CUST00535,Male,0,6,No,DSL,107.04,613.34,Yes
CUST00536,Male,0,4,No,Fiber optic,79.81,295.78,Yes
CUST00537,Female,0,16,No,Fiber optic,78.41,1337.51,No
CUST00538,Female,0,17,No,Fiber optic,50.97,836.9,No
CUST00539,Male,0,69,No,No,92.06,6076.88,No
CUST00540,Female,0,11,Yes,DSL,80.82,866.02,Yes
CUST00541,Male,0,6,Yes,No,98.5,533.64,Yes
CUST00542,Male,0,12,Yes,No,45.8,518.79,No
CUST00543,Male,0,33,Yes,Fiber optic,47.94,1514.5,No
CUST00544,Male,0,31,No,Fiber optic,41.48,1572.19,No
CUST00545,Male,1,30,No,DSL,67.74,2061.46,No
CUST00546,Female,1,27,No,No,26.41,926.61,Yes
CUST00547,Male,0,27,No,DSL,22.08,815.66,No
CUST00548,Male,1,11,No,DSL,104.65,1082.63,No
CUST00549,Female,0,53,Yes,DSL,89.77,5071.11,No
CUST00550,Male,1,1,Yes,Fiber optic,93.23,85.58,Yes
CUST00551,Female,0,68,Yes,DSL,85.8,,No
CUST00552,Female,0,7,Yes,Fiber optic,86.77,601.77,No
CUST00553,Female,0,36,Yes,DSL,49.74,1495.67,No
CUST00554,Male,0,0,Yes,DSL,94.68,,No
CUST00555,Male,0,8,Yes,DSL,90.24,751.26,No
CUST00556,Female,0,36,No,Fiber optic,94.81,3439.35,No
CUST00557,Female,0,46,Yes,DSL,50.24,2554.04,No
CUST00558,Female,0,19,Yes,DSL,66.21,1405.07,No
CUST00559,Female,0,40,Yes,Fiber optic,94.1,3841.3,Yes
CUST00560,Male,0,5,Yes,DSL,70.82,332.41,No
CUST00561,Male,0,64,No,Fiber optic,29.74,1473.52,No
CUST00562,Female,0,71,No,Fiber optic,55.95,4345.46,No
CUST00563,Female,0,15,No,DSL,81.66,1302.24,No
CUST00564,Female,0,1,No,DSL,87.85,95.97,Yes
CUST00565,Female,1,64,Yes,Fiber optic,88.03,5304.83,No
CUST00566,Male,0,9,Yes,DSL,74.55,629.39,Yes
CUST00567,Female,1,44,Yes,DSL,82.4,3881.0,No
CUST00568,Male,0,4,Yes,DSL,84.47,,Yes
CUST00569,Male,0,69,Yes,Fiber optic,59.71,4243.5,Yes
CUST00570,Male,0,56,No,DSL,37.19,,No
CUST00571,Female,0,8,Yes,Fiber optic,101.78,838.02,Yes
CUST00572,Male,0,8,No,Fiber optic,82.03,645.66,Yes
CUST00573,Male,0,7,Yes,No,61.56,460.77,No
CUST00574,Male,0,12,Yes,No,82.21,949.73,No
CUST00575,Female,0,66,Yes,DSL,34.03,2650.19,No
CUST00576,Female,0,2,No,DSL,107.45,212.45,Yes
CUST00577,Male,1,67,Yes,Fiber optic,63.18,,Yes
CUST00578,Male,0,3,Yes,Fiber optic,66.3,186.82,No
CUST00579,Male,1,12,Yes,DSL,33.23,421.01,No
CUST00580,Male,1,9,No,No,100.07,984.14,Yes
CUST00581,Male,1,11,Yes,DSL,106.02,1153.46,No
CUST00582,Male,0,10,No,Fiber optic,60.06,653.29,No
CUST00583,Female,0,29,Yes,Fiber optic,73.81,1926.46,No
CUST00584,Male,0,46,Yes,DSL,71.26,3640.72,No
CUST00585,Female,0,38,No,DSL,89.72,3696.16,No
CUST00586,Male,1,5,Yes,Fiber optic,96.99,448.95,No
CUST00587,Female,1,72,No,Fiber optic,72.83,,No
CUST00588,Female,1,22,No,Fiber optic,32.92,604.12,No
CUST00589,Female,0,70,Yes,DSL,80.29,5675.78,No
CUST00590,Female,0,37,No,DSL,38.46,1144.36,No
CUST00591,Male,0,4,No,Fiber optic,106.16,403.49,Yes
CUST00592,Male,0,27,No,DSL,38.01,767.15,No
CUST00593,Male,0,63,Yes,Fiber optic,38.36,2215.3,No
CUST00594,Female,0,19,No,Fiber optic,80.78,1469.55,No
CUST00595,Female,0,32,No,Fiber optic,66.82,2342.68,No
CUST00596,Male,0,19,Yes,DSL,35.63,671.02,No
CUST00597,Female,0,3,No,Fiber optic,67.66,228.19,No
CUST00598,Male,0,39,Yes,DSL,31.67,1020.14,No
CUST00599,Male,0,62,Yes,No,40.65,2297.58,No
CUST00600,Female,0,7,No,DSL,79.04,557.83,No
CUST00601,Female,0,32,No,No,24.87,1088.12,No
CUST00602,Female,0,12,Yes,No,55.29,555.64,No
CUST00603,Female,0,8,Yes,Fiber optic,93.89,820.97,Yes
CUST00604,Female,0,22,Yes,DSL,40.52,703.52,No
CUST00605,Male,1,9,Yes,Fiber optic,101.28,856.93,No
CUST00606,Female,1,12,No,DSL,57.17,741.11,No
CUST00607,Male,0,5,Yes,DSL,62.47,342.39,No
CUST00608,Male,1,66,No,Fiber optic,24.11,1590.53,Yes
CUST00609,Female,0,21,Yes,DSL,98.29,,No
CUST00610,Male,0,44,No,DSL,31.89,1361.98,No
CUST00611,Female,1,0,No,Fiber optic,86.41,,Yes
CUST00612,Female,0,11,Yes,DSL,78.61,777.45,Yes
CUST00613,Female,0,10,Yes,DSL,68.64,731.49,No
CUST00614,Female,0,4,No,Fiber optic,63.82,229.1,No
CUST00615,Female,0,66,Yes,Fiber optic,78.98,5077.8,No
CUST00616,Male,0,0,No,Fiber optic,101.07,,No
CUST00617,Male,0,37,No,No,28.68,946.05,No
CUST00618,Female,0,53,No,Fiber optic,24.62,1636.46,No
CUST00619,Male,0,30,Yes,No,49.94,1745.8,No
CUST00620,Male,0,25,No,No,44.38,864.73,No
CUST00621,Female,0,23,Yes,No,75.0,1609.58,No
CUST00622,Female,0,13,Yes,DSL,66.99,829.16,No
CUST00623,Male,1,70,Yes,Fiber optic,50.61,4217.86,No
CUST00624,Male,0,44,No,DSL,43.52,,No
CUST00625,Male,0,12,Yes,Fiber optic,25.63,281.56,Yes
CUST00626,Male,0,10,Yes,Fiber optic,99.13,1029.55,Yes
CUST00627,Female,0,1,No,DSL,89.31,94.16,Yes
CUST00628,Female,0,12,No,Fiber optic,44.02,545.37,Yes
CUST00629,Male,1,4,No,Fiber optic,70.58,295.54,Yes
CUST00630,Female,1,5,Yes,Fiber optic,83.87,412.78,Yes
CUST00631,Male,0,10,No,No,97.67,1047.79,Yes
CUST00632,Female,0,56,Yes,DSL,22.09,1451.7,No
CUST00633,Male,0,71,No,No,38.28,2834.91,No
CUST00634,Male,1,4,Yes,DSL,83.64,350.26,Yes
CUST00635,Male,0,16,No,DSL,71.94,1004.86,No
CUST00636,Male,0,7,Yes,Fiber optic,102.65,713.64,No
CUST00637,Male,0,6,Yes,Fiber optic,85.81,494.01,Yes
CUST00638,Female,1,71,Yes,Fiber optic,64.14,3961.88,No
CUST00639,Male,0,53,No,No,79.2,3982.66,No
CUST00640,Female,1,55,Yes,DSL,46.84,2547.54,No
CUST00641,Male,0,6,Yes,DSL,72.98,410.16,Yes
CUST00642,Male,0,6,No,Fiber optic,102.71,637.22,Yes
CUST00643,Female,1,58,No,Fiber optic,47.27,3003.42,No
CUST00644,Female,0,2,Yes,DSL,96.49,196.95,No
CUST00645,Female,0,17,No,DSL,64.31,1118.18,No
CUST00646,Male,0,49,No,DSL,40.51,1790.62,No
CUST00647,Male,0,14,Yes,DSL,99.36,1348.09,No
CUST00648,Female,1,4,No,No,103.51,423.79,Yes
CUST00649,Male,0,10,No,DSL,100.41,1020.41,Yes
CUST00650,Male,0,63,No,DSL,60.47,3290.44,No
CUST00651,Female,0,4,No,Fiber optic,87.47,376.0,Yes
CUST00652,Male,1,4,Yes,DSL,91.17,397.51,Yes
CUST00653,Male,0,1,No,No,67.02,66.55,No
CUST00654,Male,1,32,Yes,Fiber optic,50.07,1676.53,No
CUST00655,Male,1,11,Yes,DSL,71.33,,No
CUST00656,Female,1,7,No,Fiber optic,107.0,753.92,Yes
CUST00657,Female,1,68,No,DSL,93.3,6662.48,No
CUST00658,Male,1,69,No,No,21.49,1504.15,No
CUST00659,Male,0,33,Yes,Fiber optic,29.24,1085.36,No
CUST00660,Female,0,47,No,DSL,28.23,1617.55,No
CUST00661,Male,0,2,No,DSL,60.41,102.92,No
CUST00662,Male,0,60,Yes,DSL,28.65,1610.76,No
CUST00663,Female,0,61,Yes,No,34.43,2503.75,No
CUST00664,Male,1,10,No,DSL,99.46,1001.34,Yes
CUST00665,Male,0,12,No,No,25.93,327.64,No
CUST00666,Male,0,34,No,No,39.09,1321.51,No
CUST00667,Male,0,30,Yes,Fiber optic,40.21,1040.56,Yes
CUST00668,Male,0,68,No,Fiber optic,23.34,,Yes
CUST00669,Male,0,65,No,No,32.21,1707.29,No
CUST00670,Male,0,12,No,DSL,92.81,1104.67,No
CUST00671,Male,0,19,No,DSL,32.51,750.0,No
CUST00672,Female,0,21,Yes,Fiber optic,48.26,1062.32,No
CUST00673,Female,0,2,Yes,No,82.72,158.0,No
CUST00674,Female,1,46,Yes,Fiber optic,45.13,2360.96,Yes
CUST00675,Male,0,71,No,Fiber optic,32.4,2371.52,No
CUST00676,Female,1,7,No,No,75.58,482.55,Yes
CUST00677,Male,0,0,No,No,75.18,,Yes
CUST00678,Male,0,2,No,Fiber optic,105.0,195.86,No
CUST00679,Female,0,0,Yes,Fiber optic,75.53,,No
CUST00680,Female,0,16,No,Fiber optic,42.19,722.49,Yes
CUST00681,Female,1,8,Yes,DSL,65.62,455.72,No
CUST00682,Male,0,44,Yes,Fiber optic,24.57,745.88,No
CUST00683,Female,0,42,Yes,DSL,66.87,3161.23,No
CUST00684,Female,0,60,No,Fiber optic,49.47,2991.11,No
CUST00685,Female,0,7,No,DSL,100.25,,No
CUST00686,Male,1,72,Yes,DSL,34.97,2661.54,No
CUST00687,Female,0,12,Yes,DSL,57.07,708.86,No
CUST00688,Male,0,50,Yes,No,97.88,4822.3,No
CUST00689,Male,0,18,No,DSL,88.79,1601.76,No
CUST00690,Male,0,38,No,Fiber optic,76.61,2594.72,Yes
CUST00691,Female,1,12,Yes,DSL,30.18,324.09,Yes
CUST00692,Female,0,38,Yes,DSL,35.08,1474.98,No
CUST00693,Male,1,4,Yes,Fiber optic,67.69,245.98,Yes
CUST00694,Female,0,70,Yes,No,44.92,3538.9,No
CUST00695,Male,1,56,Yes,No,77.2,4411.3,No
CUST00696,Male,0,5,No,DSL,82.59,413.98,No
CUST00697,Male,0,2,No,DSL,105.73,212.04,Yes
CUST00698,Male,0,18,No,DSL,71.02,1298.33,No
CUST00699,Female,1,32,Yes,Fiber optic,51.47,1946.62,No
CUST00700,Male,0,37,No,Fiber optic,79.2,2938.61,No
CUST00701,Male,0,19,Yes,DSL,60.35,1248.39,No
CUST00702,Male,0,57,No,DSL,27.15,1484.11,No
CUST00703,Female,1,58,No,DSL,45.67,2816.58,No
CUST00704,Male,0,57,Yes,DSL,64.19,3254.76,No
CUST00705,Male,0,10,Yes,No,74.24,776.84,Yes
CUST00706,Female,0,0,Yes,Fiber optic,102.06,,Yes
CUST00707,Female,0,65,Yes,Fiber optic,55.1,3490.66,No
CUST00708,Male,0,65,No,DSL,38.71,2731.26,No
CUST00709,Female,1,12,No,No,84.42,1129.38,No
CUST00710,Female,0,7,Yes,No,60.72,377.54,No
CUST00711,Female,0,0,Yes,Fiber optic,70.02,,Yes
CUST00712,Female,1,9,Yes,DSL,94.36,814.19,No
CUST00713,Male,1,49,Yes,No,94.99,5014.11,No
CUST00714,Male,0,25,Yes,Fiber optic,99.43,2570.26,No
CUST00715,Female,0,67,Yes,DSL,55.34,3587.98,No
CUST00716,Female,0,4,No,Fiber optic,86.79,330.27,Yes
CUST00717,Male,0,9,No,Fiber optic,108.63,912.82,No
CUST00718,Male,0,69,Yes,DSL,65.09,4672.49,No
CUST00719,Female,1,14,No,DSL,61.87,854.49,No
CUST00720,Male,0,3,No,No,109.85,301.44,No
CUST00721,Female,1,31,No,DSL,26.4,845.17,No
CUST00722,Female,0,25,Yes,DSL,63.09,,No
CUST00723,Male,0,53,Yes,Fiber optic,91.52,4357.82,No
CUST00724,Female,1,35,No,Fiber optic,40.91,1399.85,Yes
CUST00725,Female,0,47,Yes,No,71.33,3093.95,No
CUST00726,Male,0,38,No,Fiber optic,42.76,1656.68,Yes
CUST00727,Female,0,23,No,DSL,54.19,1246.04,No
CUST00728,Female,0,52,Yes,DSL,54.68,3078.59,No
CUST00729,Female,0,37,No,No,25.19,717.12,No
CUST00730,Female,0,47,Yes,Fiber optic,35.68,1260.02,No
CUST00731,Female,0,52,No,Fiber optic,68.76,3530.38,No
CUST00732,Female,0,5,Yes,Fiber optic,99.12,520.78,Yes
CUST00733,Male,0,21,No,No,21.84,530.02,No
CUST00734,Female,0,22,No,DSL,59.88,1516.19,No
CUST00735,Female,1,4,Yes,No,78.43,319.63,Yes
CUST00736,Female,0,23,Yes,DSL,66.55,1567.84,No
CUST00737,Female,0,0,Yes,DSL,64.71,,No
CUST00738,Male,0,2,Yes,Fiber optic,72.34,146.05,No
CUST00739,Female,0,1,No,No,74.62,70.83,Yes
CUST00740,Female,0,7,Yes,Fiber optic,98.81,692.47,Yes
CUST00741,Female,0,67,No,No,98.58,6192.71,No
CUST00742,Male,0,36,Yes,DSL,42.89,1380.73,No
CUST00743,Male,0,59,No,DSL,21.05,1600.72,No
CUST00744,Female,0,39,No,Fiber optic,49.04,1593.11,Yes
CUST00745,Male,0,49,Yes,DSL,93.24,4155.66,No
CUST00746,Male,0,8,No,Fiber optic,100.75,776.43,No
CUST00747,Male,0,55,Yes,No,46.2,2104.46,No
CUST00748,Male,0,33,No,DSL,59.07,1952.83,No
CUST00749,Male,0,57,Yes,Fiber optic,79.99,4180.32,No
CUST00750,Male,0,62,No,DSL,48.91,3380.19,No
CUST00751,Female,0,65,Yes,No,46.77,2554.15,No
CUST00752,Male,1,35,No,DSL,77.61,2528.8,No
CUST00753,Male,1,66,No,Fiber optic,58.67,,No
CUST00754,Male,0,13,Yes,DSL,83.29,985.9,No
CUST00755,Female,1,70,No,DSL,44.69,2723.96,No
CUST00756,Female,0,62,Yes,DSL,54.61,3689.58,No
CUST00757,Female,0,39,No,DSL,26.16,1335.92,No
CUST00758,Male,0,11,Yes,DSL,77.43,825.04,No
CUST00759,Female,0,8,No,No,77.05,549.47,No
CUST00760,Female,0,41,Yes,No,55.22,2591.15,No
CUST00761,Female,1,14,Yes,Fiber optic,63.02,936.84,Yes
CUST00762,Male,0,39,No,Fiber optic,99.9,,No
CUST00763,Female,1,49,No,DSL,88.01,3933.32,Yes
CUST00764,Male,1,11,Yes,Fiber optic,93.31,993.67,No
CUST00765,Female,0,14,Yes,No,91.58,1363.44,No
CUST00766,Male,0,5,No,DSL,99.89,488.13,No
CUST00767,Female,0,29,No,Fiber optic,24.16,802.15,No
CUST00768,Male,0,27,No,No,32.81,837.47,No
CUST00769,Female,0,50,No,DSL,60.33,3338.92,No
CUST00770,Female,0,10,No,No,84.21,763.68,Yes
CUST00771,Male,0,44,No,Fiber optic,35.43,1303.98,No
CUST00772,Female,0,2,Yes,DSL,100.74,194.38,Yes
CUST00773,Female,1,20,No,No,92.35,1767.32,No
CUST00774,Male,0,11,Yes,No,67.28,777.69,No
CUST00775,Female,0,43,No,DSL,53.48,1973.53,No
CUST00776,Male,0,62,No,Fiber optic,72.71,4725.18,Yes
CUST00777,Female,0,60,Yes,Fiber optic,89.38,4937.05,No
CUST00778,Male,0,9,No,No,91.01,805.65,Yes
CUST00779,Male,0,11,No,Fiber optic,99.86,1162.09,Yes
CUST00780,Female,0,10,Yes,Fiber optic,94.5,1007.24,No
CUST00781,Female,0,2,Yes,Fiber optic,101.05,208.31,No
CUST00782,Male,1,0,No,DSL,76.02,,Yes
CUST00783,Female,0,42,Yes,Fiber optic,87.06,3737.18,No
CUST00784,Female,0,57,No,DSL,94.59,5688.55,No
CUST00785,Male,0,6,Yes,No,81.0,491.68,No
CUST00786,Male,0,18,Yes,DSL,42.74,703.5,No
CUST00787,Female,0,22,No,DSL,56.95,1402.57,No
CUST00788,Male,0,56,No,No,61.57,3219.63,No
CUST00789,Male,1,14,No,DSL,50.2,666.18,No
CUST00790,Male,1,4,No,DSL,85.31,316.47,Yes
CUST00791,Female,0,21,Yes,No,89.72,1738.45,No
CUST00792,Male,0,51,No,DSL,78.64,,No
CUST00793,Male,0,9,Yes,DSL,84.78,838.24,Yes
CUST00794,Male,0,14,No,DSL,76.18,1016.9,No
CUST00795,Male,0,4,Yes,DSL,88.07,375.54,Yes
CUST00796,Female,1,59,Yes,Fiber optic,38.7,2121.81,No
CUST00797,Female,0,15,Yes,No,64.71,919.93,No
CUST00798,Female,1,7,No,Fiber optic,61.51,451.81,No
CUST00799,Male,0,54,No,No,40.4,1726.73,No
CUST00800,Female,0,56,No,DSL,60.96,3852.32,No
CUST00801,Male,1,31,No,No,76.26,2473.54,Yes
CUST00802,Male,0,11,No,Fiber optic,78.81,773.51,Yes
CUST00803,Male,0,11,No,DSL,102.96,1097.65,Yes
CUST00804,Male,1,12,No,DSL,26.52,292.77,No
CUST00805,Female,0,54,No,Fiber optic,96.43,5360.82,Yes
CUST00806,Female,0,68,Yes,DSL,70.31,4242.73,No
CUST00807,Female,0,5,No,Fiber optic,89.74,479.63,Yes
CUST00808,Male,0,10,Yes,DSL,62.07,543.29,No
CUST00809,Male,0,0,Yes,No,74.95,,No
CUST00810,Female,0,22,No,DSL,89.81,1876.38,No
CUST00811,Female,1,2,Yes,Fiber optic,100.42,190.11,No
CUST00812,Male,1,64,No,DSL,59.29,4073.44,Yes
CUST00813,Female,0,5,Yes,DSL,64.82,354.43,No
CUST00814,Female,0,55,Yes,Fiber optic,87.07,4509.08,Yes
CUST00815,Female,0,11,No,No,108.03,1251.64,Yes
CUST00816,Male,0,10,Yes,No,90.87,922.59,Yes
CUST00817,Female,0,40,No,Fiber optic,37.82,1512.8,No
CUST00818,Female,0,48,Yes,DSL,43.78,2103.2,No
CUST00819,Female,0,9,No,DSL,61.86,521.18,No
CUST00820,Male,0,57,Yes,No,55.88,2954.14,No
CUST00821,Female,0,60,Yes,Fiber optic,53.73,3265.82,Yes
CUST00822,Female,0,53,Yes,No,31.61,1578.87,No
CUST00823,Male,1,52,No,DSL,32.25,1357.1,Yes
CUST00824,Female,0,49,Yes,DSL,57.18,2730.86,No
CUST00825,Male,1,50,Yes,DSL,77.78,4109.87,No
CUST00826,Female,0,1,Yes,DSL,104.63,97.64,Yes
CUST00827,Female,0,72,Yes,DSL,77.39,5843.32,No
CUST00828,Male,0,55,No,DSL,96.46,5648.46,No
CUST00829,Female,0,61,No,DSL,30.85,1451.4,No
CUST00830,Female,0,53,No,Fiber optic,74.14,3771.0,No
CUST00831,Male,0,65,Yes,Fiber optic,75.62,4688.59,Yes
CUST00832,Male,0,45,Yes,No,31.19,1055.1,No
CUST00833,Female,0,40,Yes,Fiber optic,66.37,2807.28,No
CUST00834,Male,0,27,No,DSL,83.72,,No
CUST00835,Male,1,4,No,No,61.0,267.89,No
CUST00836,Female,0,59,No,No,83.17,4650.56,No
CUST00837,Male,0,55,No,Fiber optic,42.23,2712.06,No
CUST00838,Male,0,12,Yes,Fiber optic,88.62,1093.39,No
CUST00839,Male,0,6,Yes,DSL,102.98,651.19,No
CUST00840,Female,1,71,No,DSL,35.78,1965.53,Yes
CUST00841,Male,0,53,No,DSL,60.25,2815.35,No
CUST00842,Male,0,56,No,Fiber optic,30.26,1587.34,No
CUST00843,Female,0,48,No,Fiber optic,28.01,1790.66,Yes
CUST00844,Female,0,50,No,DSL,86.51,3858.95,No
CUST00845,Male,0,0,No,DSL,73.73,,Yes
CUST00846,Male,0,21,No,DSL,40.17,1002.39,No
CUST00847,Female,1,50,No,DSL,68.59,3678.85,No
CUST00848,Female,0,45,Yes,DSL,51.84,1994.99,No
CUST00849,Female,0,26,No,No,36.76,1125.17,No
CUST00850,Male,0,11,Yes,Fiber optic,91.44,918.21,No
CUST00851,Female,0,10,No,Fiber optic,100.12,928.31,No
CUST00852,Male,0,33,No,DSL,61.02,2193.73,No
CUST00853,Male,1,11,Yes,DSL,83.68,1010.82,No
CUST00854,Male,0,54,Yes,DSL,55.71,2935.98,No
CUST00855,Female,1,53,Yes,DSL,35.91,1834.38,No
CUST00856,Male,0,10,No,Fiber optic,108.6,1165.29,Yes
CUST00857,Male,0,58,Yes,DSL,56.8,2905.54,No
CUST00858,Male,0,16,No,No,30.05,571.74,No
CUST00859,Female,0,17,Yes,DSL,34.71,754.24,No
CUST00860,Female,0,18,No,Fiber optic,20.17,423.96,Yes
CUST00861,Male,0,37,Yes,Fiber optic,33.28,1499.47,No
CUST00862,Male,0,6,No,Fiber optic,109.65,660.97,Yes
CUST00863,Male,0,30,No,DSL,44.5,1235.74,No
CUST00864,Female,0,2,No,DSL,81.96,153.03,Yes
CUST00865,Female,1,8,No,Fiber optic,95.07,694.81,Yes
CUST00866,Male,0,50,No,Fiber optic,97.96,4434.07,No
CUST00867,Female,0,12,No,Fiber optic,73.0,847.39,No
CUST00868,Male,0,42,Yes,DSL,88.81,4042.46,No
CUST00869,Female,0,9,Yes,DSL,95.03,927.71,No
CUST00870,Female,0,25,Yes,Fiber optic,63.42,1493.89,No
CUST00871,Female,1,12,Yes,Fiber optic,26.35,325.53,No
CUST00872,Female,0,7,No,Fiber optic,66.34,397.07,Yes
CUST00873,Female,0,50,Yes,Fiber optic,62.66,3366.69,No
CUST00874,Male,0,2,No,Fiber optic,77.1,154.9,Yes
CUST00875,Female,0,9,No,Fiber optic,77.99,634.0,Yes
CUST00876,Female,0,21,Yes,DSL,59.34,1048.82,No
CUST00877,Male,0,38,No,DSL,46.43,1885.56,No
CUST00878,Female,0,38,Yes,No,97.9,3860.93,No
CUST00879,Female,1,6,No,Fiber optic,65.14,377.85,No
CUST00880,Female,0,3,No,DSL,76.74,248.43,Yes
CUST00881,Female,0,62,No,DSL,70.0,4071.55,No
CUST00882,Male,0,0,Yes,No,84.72,,Yes
CUST00883,Male,1,8,No,DSL,100.6,769.39,Yes
CUST00884,Male,0,17,No,Fiber optic,99.77,1566.19,No
CUST00885,Female,1,9,No,No,73.48,688.03,Yes
CUST00886,Female,0,7,No,Fiber optic,107.08,790.99,Yes
CUST00887,Female,0,3,Yes,Fiber optic,97.96,301.31,Yes
CUST00888,Female,0,6,No,Fiber optic,103.76,652.82,Yes
CUST00889,Male,0,56,Yes,DSL,63.64,3356.49,No
CUST00890,Male,0,64,No,Fiber optic,65.22,3739.05,Yes
CUST00891,Male,0,47,No,DSL,28.06,1031.04,No
CUST00892,Female,0,18,No,Fiber optic,79.47,1397.19,No
CUST00893,Male,0,5,Yes,DSL,78.01,417.15,No
CUST00894,Male,0,6,Yes,No,66.42,352.49,No
CUST00895,Male,0,26,Yes,Fiber optic,51.01,1374.68,Yes
CUST00896,Male,0,63,Yes,DSL,71.8,4839.91,No
CUST00897,Female,0,3,Yes,No,73.62,209.24,No
CUST00898,Male,0,61,Yes,DSL,73.38,,No
CUST00899,Female,0,51,Yes,No,47.12,2688.28,No
CUST00900,Male,0,33,Yes,No,53.75,1612.5,No
CUST00901,Male,1,50,Yes,No,91.41,4077.21,No
CUST00902,Female,0,39,No,Fiber optic,95.55,3491.59,No
CUST00903,Female,1,16,No,DSL,84.46,1416.15,Yes
CUST00904,Female,0,49,Yes,DSL,50.78,,No
CUST00905,Female,0,71,Yes,Fiber optic,29.54,1578.27,No
CUST00906,Male,0,46,Yes,No,32.77,1627.53,No
CUST00907,Female,0,9,No,Fiber optic,71.78,583.56,Yes
CUST00908,Male,0,21,No,No,85.28,1805.41,No
CUST00909,Male,0,5,No,Fiber optic,73.28,341.07,Yes
CUST00910,Female,0,0,Yes,Fiber optic,76.06,,Yes
CUST00911,Female,0,12,No,Fiber optic,93.14,1200.23,No
CUST00912,Female,1,68,No,Fiber optic,31.06,2069.16,No
CUST00913,Female,0,21,Yes,Fiber optic,93.25,1806.83,No
CUST00914,Female,0,45,No,No,66.76,3120.7,No
CUST00915,Female,1,39,Yes,No,89.22,3657.02,No
CUST00916,Female,0,7,No,Fiber optic,108.79,779.82,Yes
CUST00917,Male,0,7,No,DSL,95.11,719.88,No
CUST00918,Female,0,31,No,No,94.24,3164.93,No
CUST00919,Female,0,12,Yes,DSL,57.29,805.11,No
CUST00920,Male,1,24,Yes,Fiber optic,75.16,1572.31,No
CUST00921,Female,0,41,Yes,Fiber optic,77.08,3400.16,No
CUST00922,Male,0,8,Yes,DSL,83.22,591.05,No
CUST00923,Male,1,5,Yes,No,94.78,510.55,Yes
CUST00924,Female,1,67,Yes,Fiber optic,40.33,2909.75,No
CUST00925,Female,0,24,Yes,No,98.92,2159.39,No
CUST00926,Female,0,28,Yes,DSL,54.72,1634.71,No
CUST00927,Male,0,38,No,Fiber optic,53.31,1837.47,No
CUST00928,Male,0,41,Yes,Fiber optic,90.37,3483.21,No
CUST00929,Female,0,1,No,Fiber optic,78.46,81.85,Yes
CUST00930,Male,1,19,No,DSL,26.19,428.97,No
CUST00931,Male,0,72,No,Fiber optic,81.53,6011.24,Yes
CUST00932,Female,0,42,Yes,DSL,77.47,3393.47,No
CUST00933,Male,0,10,No,DSL,71.79,694.02,Yes
CUST00934,Female,0,41,Yes,Fiber optic,25.34,654.46,No
CUST00935,Male,0,4,Yes,DSL,97.64,388.51,Yes
CUST00936,Male,1,8,Yes,Fiber optic,61.64,471.49,No
CUST00937,Male,1,65,No,Fiber optic,81.99,4957.52,No
CUST00938,Female,0,29,Yes,DSL,86.38,2282.06,No
CUST00939,Female,0,43,No,DSL,93.62,4102.39,No
CUST00940,Female,0,6,Yes,Fiber optic,101.1,652.24,Yes
CUST00941,Female,0,6,Yes,DSL,100.18,643.02,No
CUST00942,Female,1,10,No,DSL,62.58,635.3,No
CUST00943,Male,0,2,Yes,DSL,88.68,161.02,Yes
CUST00944,Male,1,26,No,No,86.84,2100.01,Yes
CUST00945,Male,0,56,No,DSL,66.04,3854.15,No
CUST00946,Female,0,43,No,DSL,40.07,1710.73,No
CUST00947,Female,0,29,No,No,93.82,2821.82,No
CUST00948,Female,0,4,No,DSL,106.39,,No
CUST00949,Female,0,31,Yes,Fiber optic,97.01,2888.85,Yes
CUST00950,Female,1,26,Yes,Fiber optic,95.14,2502.96,No
CUST00951,Male,0,60,Yes,No,67.35,3934.64,No
CUST00952,Female,0,70,Yes,No,80.77,5298.19,No
CUST00953,Male,1,41,No,No,20.78,709.83,No
CUST00954,Male,0,4,No,DSL,71.04,279.43,No
CUST00955,Male,0,8,No,Fiber optic,94.47,809.89,No
CUST00956,Female,0,12,No,DSL,91.36,1004.88,No
CUST00957,Male,0,8,No,Fiber optic,71.98,573.13,No
CUST00958,Male,0,25,Yes,No,48.87,1215.0,No
CUST00959,Male,0,19,Yes,Fiber optic,31.37,475.16,No
CUST00960,Female,1,4,Yes,DSL,65.99,236.4,No
CUST00961,Male,0,29,No,No,88.35,2782.81,No
CUST00962,Male,0,18,Yes,Fiber optic,33.87,462.53,No
CUST00963,Female,0,3,Yes,DSL,86.73,250.19,Yes
CUST00964,Male,1,41,Yes,Fiber optic,82.58,3259.52,No
CUST00965,Male,0,24,No,Fiber optic,47.87,1173.68,No
CUST00966,Female,0,44,Yes,Fiber optic,67.57,3265.64,No
CUST00967,Male,1,31,Yes,Fiber optic,31.29,1126.84,No
CUST00968,Female,0,11,No,No,71.18,686.73,Yes
CUST00969,Male,0,54,No,DSL,79.6,3940.73,No
CUST00970,Female,0,63,No,DSL,65.61,3815.7,No
CUST00971,Female,1,37,No,DSL,79.14,3210.34,No
CUST00972,Male,0,5,Yes,Fiber optic,94.19,421.64,Yes
CUST00973,Male,0,51,No,DSL,51.04,2502.97,No
CUST00974,Male,1,34,No,No,68.67,2600.81,No
CUST00975,Female,1,14,Yes,Fiber optic,93.19,1288.17,No
CUST00976,Female,0,19,Yes,Fiber optic,89.09,1677.3,Yes
CUST00977,Male,0,10,Yes,No,68.38,766.51,No
CUST00978,Male,0,3,Yes,No,106.12,336.48,Yes
CUST00979,Female,0,11,Yes,No,73.8,742.3,No
CUST00980,Female,1,26,No,DSL,45.81,,No
CUST00981,Male,1,2,Yes,Fiber optic,107.9,,Yes
CUST00982,Female,0,33,Yes,Fiber optic,55.57,,No
CUST00983,Male,0,23,No,DSL,86.82,1931.77,No
CUST00984,Female,0,7,Yes,Fiber optic,105.98,721.87,Yes
CUST00985,Female,1,0,No,No,80.07,,Yes
CUST00986,Male,0,1,No,Fiber optic,106.03,105.8,Yes
CUST00987,Male,0,40,Yes,Fiber optic,56.96,2124.26,No
CUST00988,Female,1,8,No,Fiber optic,78.62,569.29,No
CUST00989,Female,0,2,Yes,Fiber optic,88.66,196.6,Yes
CUST00990,Male,0,67,Yes,Fiber optic,92.56,5682.51,No
CUST00991,Female,0,13,Yes,Fiber optic,57.22,715.84,No
CUST00992,Female,0,15,Yes,DSL,39.6,742.82,No
CUST00993,Female,0,0,Yes,Fiber optic,88.27,,Yes
CUST00994,Male,0,9,Yes,DSL,71.13,657.8,Yes
CUST00995,Female,0,40,No,DSL,81.08,3274.05,No
CUST00996,Female,0,39,Yes,Fiber optic,90.44,3885.83,No
CUST00997,Female,0,72,Yes,Fiber optic,74.28,4843.42,Yes
CUST00998,Male,0,1,Yes,DSL,109.73,109.63,Yes
CUST00999,Male,1,23,Yes,No,49.33,1167.26,Yes
CUST01000,Male,0,31,Yes,No,94.69,3237.28,No
